{
  "meta": {
    "disclaimer": "Do not rely on openFDA to make decisions regarding medical care. While we make every effort to ensure that data is accurate, you should assume all results are unvalidated. We may limit or otherwise restrict your access to the API in line with our Terms of Service.",
    "terms": "https://open.fda.gov/terms/",
    "license": "https://open.fda.gov/license/",
    "last_updated": "2023-08-02"
  },
  "results": [
    {
      "term": "DRUG INEFFECTIVE",
      "count": 73240
    },
    {
      "term": "FATIGUE",
      "count": 55568
    },
    {
      "term": "NAUSEA",
      "count": 52823
    },
    {
      "term": "PAIN",
      "count": 49885
    },
    {
      "term": "DYSPNOEA",
      "count": 43526
    },
    {
      "term": "DIARRHOEA",
      "count": 42197
    },
    {
      "term": "HEADACHE",
      "count": 41594
    },
    {
      "term": "DIZZINESS",
      "count": 38405
    },
    {
      "term": "ARTHRALGIA",
      "count": 36511
    },
    {
      "term": "VOMITING",
      "count": 32465
    },
    {
      "term": "OFF LABEL USE",
      "count": 31266
    },
    {
      "term": "ASTHENIA",
      "count": 28777
    },
    {
      "term": "RASH",
      "count": 28013
    },
    {
      "term": "FALL",
      "count": 27776
    },
    {
      "term": "MALAISE",
      "count": 26847
    },
    {
      "term": "PAIN IN EXTREMITY",
      "count": 26685
    },
    {
      "term": "PRURITUS",
      "count": 25451
    },
    {
      "term": "MYOCARDIAL INFARCTION",
      "count": 23864
    },
    {
      "term": "PYREXIA",
      "count": 22814
    },
    {
      "term": "PNEUMONIA",
      "count": 22570
    },
    {
      "term": "BACK PAIN",
      "count": 21815
    },
    {
      "term": "DRUG HYPERSENSITIVITY",
      "count": 21167
    },
    {
      "term": "WEIGHT DECREASED",
      "count": 20699
    },
    {
      "term": "CONDITION AGGRAVATED",
      "count": 20381
    },
    {
      "term": "INSOMNIA",
      "count": 20095
    },
    {
      "term": "DEATH",
      "count": 20030
    },
    {
      "term": "ANXIETY",
      "count": 19745
    },
    {
      "term": "CHEST PAIN",
      "count": 19741
    },
    {
      "term": "COUGH",
      "count": 19245
    },
    {
      "term": "ACUTE KIDNEY INJURY",
      "count": 19071
    },
    {
      "term": "HYPERTENSION",
      "count": 18760
    },
    {
      "term": "ABDOMINAL PAIN UPPER",
      "count": 18238
    },
    {
      "term": "GASTROINTESTINAL HAEMORRHAGE",
      "count": 18087
    },
    {
      "term": "ANAEMIA",
      "count": 17554
    },
    {
      "term": "ABDOMINAL PAIN",
      "count": 17386
    },
    {
      "term": "DEPRESSION",
      "count": 17280
    },
    {
      "term": "CONSTIPATION",
      "count": 16747
    },
    {
      "term": "CEREBROVASCULAR ACCIDENT",
      "count": 16644
    },
    {
      "term": "RENAL FAILURE",
      "count": 16603
    },
    {
      "term": "ABDOMINAL DISCOMFORT",
      "count": 16408
    },
    {
      "term": "HYPOTENSION",
      "count": 16395
    },
    {
      "term": "RHEUMATOID ARTHRITIS",
      "count": 16248
    },
    {
      "term": "FEELING ABNORMAL",
      "count": 15919
    },
    {
      "term": "GAIT DISTURBANCE",
      "count": 15738
    },
    {
      "term": "DECREASED APPETITE",
      "count": 15508
    },
    {
      "term": "JOINT SWELLING",
      "count": 15388
    },
    {
      "term": "DRUG INTERACTION",
      "count": 15148
    },
    {
      "term": "WEIGHT INCREASED",
      "count": 14924
    },
    {
      "term": "PERIPHERAL SWELLING",
      "count": 14826
    },
    {
      "term": "CHRONIC KIDNEY DISEASE",
      "count": 14734
    },
    {
      "term": "FLUSHING",
      "count": 14578
    },
    {
      "term": "HYPERSENSITIVITY",
      "count": 14105
    },
    {
      "term": "SOMNOLENCE",
      "count": 13790
    },
    {
      "term": "CONFUSIONAL STATE",
      "count": 13666
    },
    {
      "term": "MUSCLE SPASMS",
      "count": 13600
    },
    {
      "term": "NASOPHARYNGITIS",
      "count": 13557
    },
    {
      "term": "PARAESTHESIA",
      "count": 13462
    },
    {
      "term": "MYALGIA",
      "count": 13185
    },
    {
      "term": "URINARY TRACT INFECTION",
      "count": 13060
    },
    {
      "term": "OEDEMA PERIPHERAL",
      "count": 12999
    },
    {
      "term": "BLOOD PRESSURE INCREASED",
      "count": 12948
    },
    {
      "term": "HYPOAESTHESIA",
      "count": 12773
    },
    {
      "term": "ALOPECIA",
      "count": 12435
    },
    {
      "term": "PRODUCT USE IN UNAPPROVED INDICATION",
      "count": 12215
    },
    {
      "term": "ERYTHEMA",
      "count": 12128
    },
    {
      "term": "URTICARIA",
      "count": 11549
    },
    {
      "term": "DEHYDRATION",
      "count": 10989
    },
    {
      "term": "DRUG INTOLERANCE",
      "count": 10662
    },
    {
      "term": "HYPERHIDROSIS",
      "count": 10608
    },
    {
      "term": "TREMOR",
      "count": 10598
    },
    {
      "term": "MUSCULOSKELETAL STIFFNESS",
      "count": 10413
    },
    {
      "term": "SINUSITIS",
      "count": 10376
    },
    {
      "term": "INFECTION",
      "count": 10283
    },
    {
      "term": "CONTUSION",
      "count": 10196
    },
    {
      "term": "PRODUCT USE ISSUE",
      "count": 10165
    },
    {
      "term": "ATRIAL FIBRILLATION",
      "count": 10162
    },
    {
      "term": "HAEMOGLOBIN DECREASED",
      "count": 10156
    },
    {
      "term": "BLOOD GLUCOSE INCREASED",
      "count": 10027
    },
    {
      "term": "CARDIAC FAILURE CONGESTIVE",
      "count": 9983
    },
    {
      "term": "MUSCULAR WEAKNESS",
      "count": 9925
    },
    {
      "term": "GENERAL PHYSICAL HEALTH DETERIORATION",
      "count": 9823
    },
    {
      "term": "SWELLING",
      "count": 9776
    },
    {
      "term": "LOSS OF CONSCIOUSNESS",
      "count": 9271
    },
    {
      "term": "INJECTION SITE PAIN",
      "count": 9214
    },
    {
      "term": "DYSPEPSIA",
      "count": 9136
    },
    {
      "term": "SYNCOPE",
      "count": 9072
    },
    {
      "term": "TOXICITY TO VARIOUS AGENTS",
      "count": 8984
    },
    {
      "term": "ARTHRITIS",
      "count": 8972
    },
    {
      "term": "ARTHROPATHY",
      "count": 8872
    },
    {
      "term": "MEMORY IMPAIRMENT",
      "count": 8754
    },
    {
      "term": "VISION BLURRED",
      "count": 8741
    },
    {
      "term": "OVERDOSE",
      "count": 8726
    },
    {
      "term": "PALPITATIONS",
      "count": 8655
    },
    {
      "term": "GASTROOESOPHAGEAL REFLUX DISEASE",
      "count": 8417
    },
    {
      "term": "PULMONARY EMBOLISM",
      "count": 8380
    },
    {
      "term": "INCORRECT DOSE ADMINISTERED",
      "count": 8172
    },
    {
      "term": "HAEMORRHAGE",
      "count": 8122
    },
    {
      "term": "CHILLS",
      "count": 8009
    },
    {
      "term": "DRUG DOSE OMISSION",
      "count": 7811
    },
    {
      "term": "CHEST DISCOMFORT",
      "count": 7796
    }
  ]
}
