{
  "meta": {
    "disclaimer": "Do not rely on openFDA to make decisions regarding medical care. While we make every effort to ensure that data is accurate, you should assume all results are unvalidated. We may limit or otherwise restrict your access to the API in line with our Terms of Service.",
    "terms": "https://open.fda.gov/terms/",
    "license": "https://open.fda.gov/license/",
    "last_updated": "2023-08-02",
    "results": {
      "skip": 0,
      "limit": 1,
      "total": 1258694
    }
  },
  "results": [
    {
      "safetyreportid": "5801206-7",
      "transmissiondateformat": "102",
      "transmissiondate": "20090109",
      "serious": "1",
      "seriousnessdeath": "1",
      "receivedateformat": "102",
      "receivedate": "20080707",
      "receiptdateformat": "102",
      "receiptdate": "20080625",
      "fulfillexpeditecriteria": "1",
      "companynumb": "JACAN16471",
      "primarysource": {
        "reportercountry": "CANADA",
        "qualification": "3"
      },
      "sender": {
        "senderorganization": "FDA-Public Use"
      },
      "receiver": null,
      "patient": {
        "patientonsetage": "26",
        "patientonsetageunit": "801",
        "patientsex": "1",
        "patientdeath": {
          "patientdeathdateformat": null,
          "patientdeathdate": null
        },
        "reaction": [
          {
            "reactionmeddrapt": "DRUG ADMINISTRATION ERROR"
          },
          {
            "reactionmeddrapt": "OVERDOSE"
          }
        ],
        "drug": [
          {
            "drugcharacterization": "1",
            "medicinalproduct": "DURAGESIC-100",
            "drugauthorizationnumb": "019813",
            "drugadministrationroute": "041",
            "drugindication": "DRUG ABUSE"
          }
        ]
      }
    }
  ]
}
